sid,name,season,basin,start_time,end_time,n_fixes,peak_vmax_kt,min_pmin_hpa,peak_category,made_landfall,had_ri,mean_label_spread_kt,featured_slug
2025295N09068,Unnamed,2025,arabian_sea,2025-10-22 00:00:00,2025-10-31 18:00:00,79,25.0,1000.0,D,False,0.0,,
2025270N19086,Unnamed,2025,land,2025-09-26 12:00:00,2025-09-28 00:00:00,13,25.0,998.0,D,True,0.0,,
2025250N25073,Unnamed,2025,land,2025-09-06 18:00:00,2025-09-10 18:00:00,33,30.0,995.0,DD,True,0.0,,
2025231N19085,Unnamed,2025,bay_of_bengal,2025-08-18 12:00:00,2025-08-19 06:00:00,7,20.0,996.0,D,True,,,
2025206N21090,Unnamed,2025,land,2025-07-25 00:00:00,2025-07-26 18:00:00,15,25.0,988.0,D,True,0.0,,
2025198N25082,Unnamed,2025,land,2025-07-17 00:00:00,2025-07-19 18:00:00,23,25.0,993.0,D,True,0.0,,
2025196N27075,Unnamed,2025,land,2025-07-15 03:00:00,2025-07-15 18:00:00,6,20.0,993.0,D,True,,,
2025195N23089,Unnamed,2025,land,2025-07-14 06:00:00,2025-07-15 00:00:00,7,20.0,996.0,D,True,,,
2025149N21088,Unnamed,2025,land,2025-05-29 00:00:00,2025-05-30 06:00:00,11,30.0,986.0,DD,True,0.0,,
2025144N17073,Unnamed,2025,land,2025-05-24 00:00:00,2025-05-24 18:00:00,7,25.0,998.0,D,True,,,
2024356N14084,Unnamed,2024,bay_of_bengal,2024-12-20 12:00:00,2024-12-21 06:00:00,7,25.0,1002.0,D,False,,,
2024329N04089,Fengal,2024,bay_of_bengal,2024-11-23 18:00:00,2024-12-04 09:00:00,83,45.0,996.0,CS,True,0.0,2.4749999999999996,
2024295N15092,Dana,2024,bay_of_bengal,2024-10-21 06:00:00,2024-10-26 00:00:00,39,60.0,986.0,SCS,True,0.0,3.273548387096775,
2024290N11084,Unnamed,2024,bay_of_bengal,2024-10-15 12:00:00,2024-10-16 18:00:00,11,25.0,1000.0,D,False,0.0,,
2024288N16065,Unnamed,2024,arabian_sea,2024-10-13 12:00:00,2024-10-15 12:00:00,17,25.0,1001.0,D,False,0.0,,
2024258N22091,Unnamed,2024,land,2024-09-13 12:00:00,2024-09-17 18:00:00,35,30.0,989.0,DD,True,0.0,,
2024255N24080,Unnamed,2024,land,2024-09-11 03:00:00,2024-09-13 00:00:00,16,25.0,994.0,D,True,0.0,,
2024252N18087,Unnamed,2024,bay_of_bengal,2024-09-08 00:00:00,2024-09-10 06:00:00,19,30.0,991.0,DD,True,0.0,,
2024244N18085,Unnamed,2024,land,2024-08-31 00:00:00,2024-09-02 06:00:00,19,25.0,996.0,D,True,0.0,,
2024238N25077,Asna,2024,land,2024-08-25 00:00:00,2024-09-02 21:00:00,72,40.0,990.0,CS,True,0.0,2.9186956521739127,asna
2024216N24085,Unnamed,2024,land,2024-08-02 12:00:00,2024-08-05 18:00:00,27,30.0,988.0,DD,True,0.0,,
2024201N19086,Unnamed,2024,bay_of_bengal,2024-07-19 03:00:00,2024-07-20 06:00:00,10,25.0,990.0,D,True,0.0,,
2024145N14087,Remal,2024,bay_of_bengal,2024-05-23 21:00:00,2024-05-28 06:00:00,37,60.0,978.0,SCS,True,0.0,5.174999999999999,
2023334N08088,Michaung,2023,bay_of_bengal,2023-12-01 00:00:00,2023-12-06 06:00:00,43,55.0,986.0,SCS,True,0.0,3.870000000000001,
2023317N10094,Midhili,2023,bay_of_bengal,2023-11-13 09:00:00,2023-11-18 00:00:00,38,50.0,996.0,SCS,True,0.0,5.089090909090907,
2023293N12089,Hamoon,2023,bay_of_bengal,2023-10-21 03:00:00,2023-10-25 06:00:00,34,65.0,984.0,VSCS,True,1.0,6.249310344827586,
2023292N11063,Tej,2023,arabian_sea,2023-10-19 09:00:00,2023-10-24 12:00:00,42,95.0,964.0,ESCS,True,1.0,7.985000000000001,
2023273N16073,Unnamed,2023,arabian_sea,2023-09-30 03:00:00,2023-10-01 00:00:00,8,25.0,1002.0,D,True,,,
2023212N19090,Unnamed,2023,land,2023-07-30 12:00:00,2023-08-03 06:00:00,31,37.2,984.0,CS,True,0.0,6.1000000000000005,
2023160N20092,Unnamed,2023,bay_of_bengal,2023-06-08 12:00:00,2023-06-10 06:00:00,15,41.85,982.0,CS,False,0.0,,
2023156N10067,Biparjoy,2023,arabian_sea,2023-06-05 00:00:00,2023-06-19 00:00:00,113,90.0,958.0,ESCS,True,1.0,10.24505617977528,biparjoy
2023129N08091,Mocha,2023,bay_of_bengal,2023-05-08 18:00:00,2023-05-15 00:00:00,51,115.0,938.0,ESCS,True,1.0,6.102666666666668,
2023030N08087,Unnamed,2023,bay_of_bengal,2023-01-30 03:00:00,2023-02-02 12:00:00,28,25.0,1004.0,D,True,0.0,,
2022356N09085,Unnamed,2022,bay_of_bengal,2022-12-22 03:00:00,2022-12-25 06:00:00,26,25.0,1004.0,D,False,0.0,,
2022347N12074,Unnamed,2022,arabian_sea,2022-12-12 15:00:00,2022-12-19 00:00:00,52,46.5,994.0,CS,False,0.0,6.889583333333334,
2022338N05100,Mandous,2022,bay_of_bengal,2022-12-04 09:00:00,2022-12-10 09:00:00,48,50.0,990.0,SCS,True,0.0,6.266129032258067,
2022324N10086,Unnamed,2022,bay_of_bengal,2022-11-20 00:00:00,2022-11-22 00:00:00,17,25.0,1003.0,D,False,0.0,,
2022295N13093,Sitrang,2022,bay_of_bengal,2022-10-21 21:00:00,2022-10-25 00:00:00,26,45.0,996.0,CS,True,0.0,3.021363636363635,
2022254N20085,Unnamed,2022,land,2022-09-11 00:00:00,2022-09-12 00:00:00,9,25.0,998.0,D,True,0.0,,
2022230N18095,Unnamed,2022,land,2022-08-17 12:00:00,2022-08-23 00:00:00,45,35.34,992.0,CS,True,0.0,7.056363636363638,
2022226N22088,Unnamed,2022,land,2022-08-14 03:00:00,2022-08-16 06:00:00,18,25.0,994.0,D,True,0.0,,
2022224N22067,Unnamed,2022,arabian_sea,2022-08-11 18:00:00,2022-08-14 03:00:00,20,27.900000000000002,989.0,D,False,0.0,9.166000000000002,
2022221N21086,Unnamed,2022,land,2022-08-09 03:00:00,2022-08-09 18:00:00,6,25.0,990.0,D,True,,,
2022197N22069,Unnamed,2022,arabian_sea,2022-07-16 03:00:00,2022-07-17 18:00:00,14,25.0,992.0,D,False,0.0,,
2022140N16097,Unnamed,2022,land,2022-05-20 03:00:00,2022-05-20 18:00:00,6,25.0,998.0,D,True,,,
2022126N07095,Asani,2022,bay_of_bengal,2022-05-05 21:00:00,2022-05-13 06:00:00,60,55.0,982.0,SCS,True,0.0,6.925897435897436,
2022079N10093,Unnamed,2022,bay_of_bengal,2022-03-20 00:00:00,2022-03-23 00:00:00,25,30.0,1000.0,DD,True,0.0,,
2022062N06085,Unnamed,2022,bay_of_bengal,2022-03-03 00:00:00,2022-03-06 18:00:00,31,30.0,1002.0,DD,False,0.0,2.381200000000001,
2021335N08096,Jawad,2021,bay_of_bengal,2021-11-30 18:00:00,2021-12-05 21:00:00,42,40.0,1000.0,CS,False,0.0,4.112592592592591,
2021322N11082,Unnamed,2021,bay_of_bengal,2021-11-18 03:00:00,2021-11-19 03:00:00,9,25.0,1000.0,D,True,0.0,,
2021312N07090,Unnamed,2021,bay_of_bengal,2021-11-09 09:00:00,2021-11-11 18:00:00,20,25.0,1000.0,D,True,0.0,4.361818181818184,
2021280N14068,Unnamed,2021,arabian_sea,2021-10-07 03:00:00,2021-10-08 18:00:00,14,25.0,1002.0,D,False,0.0,,
2021267N18094,Gulab:Shaheen-Gu,2021,arabian_sea,2021-09-23 18:00:00,2021-10-04 06:00:00,80,60.0,984.0,SCS,True,1.0,4.188923076923078,
2021264N13119,Dianmu,2021,land,2021-09-23 09:00:00,2021-09-24 09:00:00,9,35.0,1000.0,CS,True,0.0,,
2021256N20087,Unnamed,2021,land,2021-09-12 12:00:00,2021-09-14 18:00:00,19,30.0,990.0,DD,True,0.0,,
2021143N15090,Yaas,2021,bay_of_bengal,2021-05-23 00:00:00,2021-05-27 18:00:00,39,75.0,970.0,VSCS,True,0.0,6.494848484848482,
2021133N10071,Tauktae,2021,arabian_sea,2021-05-13 06:00:00,2021-05-19 06:00:00,49,100.0,950.0,ESCS,True,1.0,11.476250000000004,
2021092N11096,Unnamed,2021,bay_of_bengal,2021-04-02 00:00:00,2021-04-03 03:00:00,10,25.0,1000.0,D,False,0.0,,
2020353N06129,Krovanh,2020,bay_of_bengal,2020-12-22 12:00:00,2020-12-25 09:00:00,24,27.900000000000002,1004.0,D,True,0.0,,
2020335N06090,Burevi,2020,bay_of_bengal,2020-11-29 18:00:00,2020-12-05 06:00:00,45,45.0,996.0,CS,True,0.0,3.3033333333333337,
2020327N08086,Nivar,2020,bay_of_bengal,2020-11-22 06:00:00,2020-11-27 12:00:00,43,65.0,982.0,VSCS,True,0.0,4.1253125,
2020326N11063,Gati,2020,arabian_sea,2020-11-20 12:00:00,2020-11-24 09:00:00,32,75.0,976.0,VSCS,True,1.0,10.285,
2020296N19087,Unnamed,2020,bay_of_bengal,2020-10-22 03:00:00,2020-10-23 18:00:00,14,25.0,998.0,D,True,0.0,,
2020291N18069,Unnamed,2020,arabian_sea,2020-10-17 03:00:00,2020-10-18 18:00:00,14,25.0,1003.0,D,False,0.0,,
2020285N15087,Unnamed,2020,bay_of_bengal,2020-10-11 00:00:00,2020-10-14 06:00:00,27,30.0,996.0,DD,True,0.0,,
2020153N13072,Nisarga,2020,arabian_sea,2020-05-31 18:00:00,2020-06-04 06:00:00,29,60.0,984.0,SCS,True,0.0,9.653333333333334,
2020150N17054,Unnamed,2020,land,2020-05-29 09:00:00,2020-05-31 18:00:00,20,25.0,1000.0,D,True,0.0,,
2020136N10088,Amphan,2020,bay_of_bengal,2020-05-15 06:00:00,2020-05-21 12:00:00,51,130.0,920.0,SuCS,True,1.0,9.234651162790698,amphan
2019342N09062,Unnamed,2019,arabian_sea,2019-12-08 09:00:00,2019-12-10 03:00:00,15,30.0,1000.0,DD,False,0.0,,
2019337N11072,Unnamed,2019,arabian_sea,2019-12-02 15:00:00,2019-12-06 03:00:00,29,41.85,996.0,CS,False,0.0,8.87692307692308,
2019335N05058,Pawan,2019,arabian_sea,2019-12-01 09:00:00,2019-12-07 18:00:00,52,40.0,998.0,CS,True,0.0,3.110750000000001,
2019302N11118,Bulbul:Matmo,2019,bay_of_bengal,2019-10-30 15:00:00,2019-11-11 00:00:00,73,75.0,976.0,VSCS,True,1.0,7.641224489795921,
2019301N05081,Maha,2019,arabian_sea,2019-10-28 21:00:00,2019-11-09 09:00:00,93,100.0,956.0,ESCS,False,1.0,5.2801470588235295,
2019296N15066,Kyaar:Kyarr,2019,arabian_sea,2019-10-22 18:00:00,2019-11-03 03:00:00,92,130.0,922.0,SuCS,False,1.0,5.333376623376623,
2019273N23070,Unnamed,2019,land,2019-09-29 12:00:00,2019-10-01 00:00:00,13,25.0,1002.0,D,True,0.0,,
2019264N19071,Hikaa:Hikka,2019,arabian_sea,2019-09-20 18:00:00,2019-09-26 06:00:00,45,75.0,978.0,VSCS,True,1.0,6.61769230769231,
2019218N21088,Unnamed,2019,land,2019-08-06 03:00:00,2019-08-09 06:00:00,26,30.0,988.0,DD,True,0.0,,
2019160N11073,Vayu,2019,arabian_sea,2019-06-08 21:00:00,2019-06-18 06:00:00,76,80.0,970.0,VSCS,True,1.0,6.169836065573773,
2019116N02090,Fani,2019,bay_of_bengal,2019-04-25 18:00:00,2019-05-04 12:00:00,71,115.0,932.0,ESCS,True,1.0,5.350000000000002,fani
2018365N08115,Pabuk,2018,bay_of_bengal,2019-01-01 09:00:00,2019-01-07 18:00:00,52,46.5,996.0,CS,True,0.0,10.561304347826086,
2018347N07089,Phethai,2018,bay_of_bengal,2018-12-13 00:00:00,2018-12-17 18:00:00,39,55.0,992.0,SCS,True,0.0,2.9702857142857133,
2018314N12093,Gaja,2018,bay_of_bengal,2018-11-10 03:00:00,2018-11-19 12:00:00,76,70.0,976.0,VSCS,True,0.0,7.605633802816901,
2018281N14088,Titli,2018,bay_of_bengal,2018-10-08 00:00:00,2018-10-12 21:00:00,40,80.0,972.0,VSCS,True,1.0,7.157352941176473,
2018279N11069,Luban,2018,arabian_sea,2018-10-05 18:00:00,2018-10-15 00:00:00,75,75.0,978.0,VSCS,True,1.0,5.386764705882352,
2018263N17089,Daye,2018,land,2018-09-19 15:00:00,2018-09-22 06:00:00,22,35.0,992.0,CS,True,0.0,2.169333333333333,
2018249N22088,Unnamed,2018,land,2018-09-06 00:00:00,2018-09-07 03:00:00,10,30.0,990.0,DD,True,0.0,,
2018227N20086,Unnamed,2018,land,2018-08-15 03:00:00,2018-08-17 00:00:00,16,25.0,993.0,D,True,0.0,,
2018219N21088,Unnamed,2018,land,2018-08-07 09:00:00,2018-08-08 00:00:00,6,25.0,992.0,D,True,,,
2018202N21088,Unnamed,2018,land,2018-07-21 03:00:00,2018-07-23 00:00:00,16,30.0,988.0,DD,True,0.0,,
2018161N22092,Unnamed,2018,bay_of_bengal,2018-06-10 06:00:00,2018-06-10 18:00:00,5,25.0,988.0,D,True,,,
2018148N17090,Unnamed,2018,bay_of_bengal,2018-05-28 00:00:00,2018-05-30 03:00:00,18,35.34,992.0,CS,True,0.0,7.3400000000000025,
2018141N08059,Mekunu,2018,arabian_sea,2018-05-21 06:00:00,2018-05-27 06:00:00,49,95.0,960.0,ESCS,True,1.0,5.448444444444444,
2018136N11054,Sagar,2018,arabian_sea,2018-05-15 18:00:00,2018-05-20 06:00:00,37,45.0,994.0,CS,True,0.0,8.338965517241382,
2018072N05076,Unnamed,2018,arabian_sea,2018-03-13 03:00:00,2018-03-14 18:00:00,14,25.0,1006.0,D,False,0.0,,
2017340N09089,Unnamed,2017,bay_of_bengal,2017-12-06 03:00:00,2017-12-10 06:00:00,34,30.0,1000.0,DD,False,0.0,8.85666666666667,
2017333N06082,Ockhi,2017,arabian_sea,2017-11-28 18:00:00,2017-12-05 18:00:00,57,85.0,976.0,VSCS,True,1.0,4.8438461538461555,
2017319N15083,Unnamed,2017,bay_of_bengal,2017-11-15 03:00:00,2017-11-17 03:00:00,17,25.0,1001.0,D,False,0.0,,
2017307N07102,Unnamed,2017,bay_of_bengal,2017-11-04 03:00:00,2017-11-08 00:00:00,31,23.25,1004.0,D,True,0.0,,
2017292N17087,Unnamed,2017,bay_of_bengal,2017-10-19 00:00:00,2017-10-19 12:00:00,5,25.0,998.0,D,False,,,
2017282N22088,Unnamed,2017,land,2017-10-09 00:00:00,2017-10-10 06:00:00,11,30.0,996.0,DD,True,0.0,,
2017232N19130,Hato,2017,land,2017-08-23 15:00:00,2017-08-24 12:00:00,8,49.29,984.0,SCS,True,,,
2017207N24085,Unnamed,2017,land,2017-07-26 00:00:00,2017-07-27 00:00:00,9,25.0,993.0,D,True,0.0,,
2017199N19086,Unnamed,2017,land,2017-07-18 00:00:00,2017-07-19 00:00:00,9,25.0,992.0,D,True,0.0,,
2017163N20090,Unnamed,2017,land,2017-06-11 12:00:00,2017-06-12 18:00:00,11,30.0,988.0,DD,True,0.0,,
2017147N14087,Mora,2017,bay_of_bengal,2017-05-27 06:00:00,2017-05-30 18:00:00,29,60.0,978.0,SCS,True,0.0,6.627391304347829,
2017104N08085,Maarutha,2017,bay_of_bengal,2017-04-14 00:00:00,2017-04-17 00:00:00,25,40.0,996.0,CS,True,0.0,5.411176470588236,
2016341N08092,Vardah,2016,bay_of_bengal,2016-12-06 06:00:00,2016-12-19 00:00:00,103,70.0,975.0,VSCS,True,0.0,4.159841269841271,
2016335N07088,Nada,2016,bay_of_bengal,2016-11-29 12:00:00,2016-12-02 06:00:00,23,40.0,1000.0,CS,True,0.0,4.3466666666666685,
2016308N13088,Unnamed,2016,bay_of_bengal,2016-11-02 18:00:00,2016-11-06 09:00:00,30,25.0,1000.0,D,False,0.0,,
2016295N13089,Kyant,2016,bay_of_bengal,2016-10-21 00:00:00,2016-10-29 06:00:00,67,40.0,996.0,CS,False,0.0,4.014893617021276,
2016230N21089,Unnamed,2016,land,2016-08-16 12:00:00,2016-08-20 18:00:00,35,25.0,994.0,D,True,0.0,,
2016222N22089,Unnamed,2016,land,2016-08-09 09:00:00,2016-08-12 18:00:00,28,30.0,994.0,DD,True,0.0,,
2016178N22068,Unnamed,2016,arabian_sea,2016-06-26 06:00:00,2016-06-29 00:00:00,23,37.2,993.0,CS,False,0.0,5.956250000000002,
2016138N10081,Roanu,2016,bay_of_bengal,2016-05-17 00:00:00,2016-05-22 00:00:00,41,45.0,983.0,CS,True,0.0,7.048888888888891,
2015312N11084,Unnamed,2015,bay_of_bengal,2015-11-08 03:00:00,2015-11-10 03:00:00,17,30.0,996.0,DD,True,0.0,,
2015309N14067,Megh,2015,arabian_sea,2015-11-04 12:00:00,2015-11-10 12:00:00,49,95.0,964.0,ESCS,True,1.0,10.666666666666666,
2015301N11065,Chapala,2015,arabian_sea,2015-10-27 12:00:00,2015-11-04 00:00:00,61,115.0,940.0,ESCS,True,1.0,5.561851851851852,
2015280N13071,Unnamed,2015,arabian_sea,2015-10-07 00:00:00,2015-10-12 00:00:00,41,30.0,1000.0,DD,False,0.0,4.371052631578947,
2015259N20084,Unnamed,2015,land,2015-09-16 03:00:00,2015-09-19 00:00:00,24,30.0,996.0,DD,True,0.0,,
2015216N23081,Unnamed,2015,land,2015-08-04 03:00:00,2015-08-04 18:00:00,6,25.0,998.0,D,True,,,
2015209N26072,Unnamed,2015,land,2015-07-27 12:00:00,2015-07-30 00:00:00,21,30.0,994.0,DD,True,0.0,,
2015207N22091,Komen,2015,bay_of_bengal,2015-07-26 00:00:00,2015-08-02 09:00:00,60,40.0,986.0,CS,True,0.0,3.004347826086958,
2015191N23085,Unnamed,2015,land,2015-07-10 03:00:00,2015-07-12 09:00:00,19,25.0,994.0,D,True,0.0,,
2015173N20067,Unnamed,2015,land,2015-06-22 03:00:00,2015-06-24 18:00:00,22,30.0,988.0,DD,True,0.0,,
2015171N18086,Unnamed,2015,bay_of_bengal,2015-06-20 03:00:00,2015-06-21 18:00:00,14,25.0,990.0,D,True,0.0,,
2015157N13069,Ashobaa,2015,arabian_sea,2015-06-06 06:00:00,2015-06-12 06:00:00,49,45.0,990.0,CS,False,0.0,6.772380952380954,
2014309N13088,Unnamed,2014,bay_of_bengal,2014-11-05 00:00:00,2014-11-09 06:00:00,35,30.0,998.0,DD,False,0.0,4.025,
2014297N11062,Nilofar,2014,arabian_sea,2014-10-23 21:00:00,2014-11-01 09:00:00,69,110.0,950.0,ESCS,False,1.0,6.274897959183675,
2014279N11096,Hudhud,2014,bay_of_bengal,2014-10-06 09:00:00,2014-10-14 09:00:00,65,100.0,950.0,ESCS,True,1.0,6.972500000000002,
2014216N21089,Unnamed,2014,land,2014-08-03 12:00:00,2014-08-07 00:00:00,29,30.0,990.0,DD,True,0.0,,
2014202N22087,Unnamed,2014,land,2014-07-21 03:00:00,2014-07-23 06:00:00,18,25.0,988.0,D,True,0.0,,
2014159N12068,Nanauk,2014,arabian_sea,2014-06-08 06:00:00,2014-06-14 03:00:00,48,45.0,986.0,CS,False,0.0,10.719666666666667,
2014141N16091,Unnamed,2014,bay_of_bengal,2014-05-21 03:00:00,2014-05-23 00:00:00,16,25.0,1000.0,D,False,0.0,,
2014003N08086,Unnamed,2014,bay_of_bengal,2014-01-02 21:00:00,2014-01-08 12:00:00,46,27.900000000000002,999.0,D,True,0.0,6.922916666666669,
2013339N09084,Madi,2013,bay_of_bengal,2013-12-05 03:00:00,2013-12-12 18:00:00,62,65.0,986.0,VSCS,True,1.0,6.673888888888889,
2013324N07103,Lehar,2013,bay_of_bengal,2013-11-20 03:00:00,2013-11-29 00:00:00,63,75.0,980.0,VSCS,True,0.0,4.678780487804879,
2013322N13090,Helen,2013,bay_of_bengal,2013-11-18 00:00:00,2013-11-23 06:00:00,43,55.0,990.0,SCS,True,0.0,7.361612903225809,
2013305N07141,Unnamed,2013,bay_of_bengal,2013-11-06 09:00:00,2013-11-21 00:00:00,117,27.900000000000002,1000.0,D,True,0.0,3.0974193548387112,
2013310N06066,Unnamed,2013,arabian_sea,2013-11-06 03:00:00,2013-11-12 00:00:00,48,30.69,998.0,DD,True,0.0,4.974400000000004,
2013281N12098,Phailin,2013,bay_of_bengal,2013-10-07 12:00:00,2013-10-14 06:00:00,55,115.0,940.0,ESCS,True,1.0,10.476818181818187,
2013232N22088,Unnamed,2013,land,2013-08-20 00:00:00,2013-08-23 00:00:00,25,25.0,990.0,D,True,0.0,,
2013211N21088,Unnamed,2013,land,2013-07-30 03:00:00,2013-08-01 00:00:00,16,25.0,990.0,D,True,0.0,,
2013149N21090,Unnamed,2013,land,2013-05-29 03:00:00,2013-05-31 09:00:00,19,25.0,990.0,D,True,0.0,,
2013130N04093,Mahasen:Viyaru,2013,bay_of_bengal,2013-05-09 18:00:00,2013-05-16 18:00:00,57,45.0,990.0,CS,True,0.0,2.8800000000000012,
2012357N09064,Unnamed,2012,arabian_sea,2012-12-22 06:00:00,2012-12-25 00:00:00,23,32.550000000000004,996.0,DD,False,0.0,2.2346666666666692,
2012321N14090,Unnamed,2012,bay_of_bengal,2012-11-16 00:00:00,2012-11-23 06:00:00,59,30.0,1002.0,DD,True,0.0,2.548421052631581,
2012301N11087,Nilam,2012,bay_of_bengal,2012-10-27 09:00:00,2012-11-01 18:00:00,44,45.0,987.0,CS,True,0.0,4.764193548387097,
2012297N11067,Murjan,2012,arabian_sea,2012-10-22 15:00:00,2012-10-26 00:00:00,28,40.0,998.0,CS,True,0.0,4.63153846153846,
2012285N21091,Unnamed,2012,bay_of_bengal,2012-10-10 12:00:00,2012-10-11 03:00:00,6,30.0,1002.0,DD,True,,,
2011360N09088,Thane,2011,bay_of_bengal,2011-12-25 12:00:00,2011-12-30 12:00:00,41,75.0,969.0,VSCS,True,1.0,8.636829268292683,
2011330N06078,Unnamed,2011,arabian_sea,2011-11-25 12:00:00,2011-12-01 06:00:00,47,30.0,998.0,DD,False,0.0,2.1982926829268306,
2011310N11066,Unnamed,2011,arabian_sea,2011-11-06 06:00:00,2011-11-11 03:00:00,40,30.0,1000.0,DD,False,0.0,2.14409090909091,
2011302N13062,Keila,2011,arabian_sea,2011-10-29 06:00:00,2011-11-05 06:00:00,57,35.0,996.0,CS,True,0.0,9.014615384615386,
2011290N15090,Unnamed,2011,bay_of_bengal,2011-10-18 03:00:00,2011-10-18 21:00:00,7,30.69,998.0,DD,False,,,
2011203N24085,Unnamed,2011,land,2011-07-22 03:00:00,2011-07-23 00:00:00,8,20.0,990.0,D,True,,,
2011167N22089,Unnamed,2011,land,2011-06-16 03:00:00,2011-06-22 18:00:00,54,35.0,978.0,CS,True,0.0,,
2011160N18070,Unnamed,2011,arabian_sea,2011-06-09 06:00:00,2011-06-12 12:00:00,27,32.550000000000004,996.0,DD,False,0.0,5.127142857142859,
2011033N06083,Unnamed,2011,bay_of_bengal,2011-02-02 09:00:00,2011-02-02 18:00:00,4,25.0,1002.0,D,False,,,
2010341N14082,Unnamed,2010,bay_of_bengal,2010-12-07 03:00:00,2010-12-08 00:00:00,8,25.0,1000.0,D,True,,,
2010305N06105,Jal,2010,bay_of_bengal,2010-10-31 21:00:00,2010-11-08 03:00:00,59,60.0,988.0,SCS,True,0.0,6.026666666666666,
2010293N17093,Giri,2010,bay_of_bengal,2010-10-19 15:00:00,2010-10-24 00:00:00,36,105.0,950.0,ESCS,True,1.0,14.78130434782609,
2010286N18090,Unnamed,2010,bay_of_bengal,2010-10-13 06:00:00,2010-10-16 00:00:00,23,30.0,995.0,DD,True,0.0,,
2010280N17085,Unnamed,2010,bay_of_bengal,2010-10-07 03:00:00,2010-10-08 18:00:00,14,25.0,996.0,D,True,0.0,,
2010151N14065,Phet,2010,arabian_sea,2010-05-30 15:00:00,2010-06-07 06:00:00,62,85.0,964.0,VSCS,True,1.0,14.692280701754388,
2010136N09057,Bandu,2010,arabian_sea,2010-05-18 15:00:00,2010-05-22 18:00:00,34,40.0,994.0,CS,False,0.0,7.965714285714287,
2010137N10090,Laila,2010,bay_of_bengal,2010-05-16 21:00:00,2010-05-21 18:00:00,40,55.0,986.0,SCS,True,0.0,5.785454545454546,
2009344N06085,Ward,2009,bay_of_bengal,2009-12-10 09:00:00,2009-12-15 00:00:00,38,45.0,996.0,CS,True,0.0,4.236969696969697,
2009313N11072,Phyan,2009,arabian_sea,2009-11-09 03:00:00,2009-11-11 12:00:00,20,45.0,988.0,CS,True,0.0,5.311578947368424,
2009247N19089,Unnamed,2009,land,2009-09-03 21:00:00,2009-09-07 09:00:00,29,30.0,988.0,DD,True,0.0,5.012941176470589,
2009201N21089,Unnamed,2009,bay_of_bengal,2009-07-20 03:00:00,2009-07-21 06:00:00,10,30.0,988.0,DD,True,0.0,,
2009176N23069,Unnamed,2009,arabian_sea,2009-06-25 09:00:00,2009-06-25 18:00:00,4,25.0,996.0,D,False,,,
2009174N18072,Unnamed,2009,arabian_sea,2009-06-23 00:00:00,2009-06-24 00:00:00,9,25.0,998.0,D,True,0.0,,
2009143N17089,Aila,2009,bay_of_bengal,2009-05-22 18:00:00,2009-05-26 06:00:00,29,60.0,968.0,SCS,True,1.0,4.897600000000001,
2009104N13088,Bijli,2009,bay_of_bengal,2009-04-14 00:00:00,2009-04-18 00:00:00,33,41.85,989.0,CS,True,0.0,5.548888888888889,
2008338N06092,Unnamed,2008,bay_of_bengal,2008-12-03 00:00:00,2008-12-09 03:00:00,50,30.0,1000.0,DD,True,0.0,2.2085714285714304,
2008329N09082,Nisha,2008,bay_of_bengal,2008-11-24 15:00:00,2008-11-28 00:00:00,28,45.0,996.0,CS,True,0.0,5.24888888888889,
2008317N11089,Khai-Muk,2008,bay_of_bengal,2008-11-11 21:00:00,2008-11-16 06:00:00,36,40.0,994.0,CS,True,0.0,5.340454545454548,
2008298N16085,Rashmi,2008,bay_of_bengal,2008-10-24 09:00:00,2008-10-27 06:00:00,24,45.0,984.0,CS,True,0.0,2.816470588235295,
2008293N09060,Unnamed,2008,arabian_sea,2008-10-19 09:00:00,2008-10-23 18:00:00,33,30.0,1000.0,DD,True,0.0,2.405,
2008259N20089,Unnamed,2008,land,2008-09-15 06:00:00,2008-09-19 09:00:00,30,30.0,986.0,DD,True,0.0,5.08857142857143,
2008223N20086,Unnamed,2008,land,2008-08-09 12:00:00,2008-08-10 09:00:00,4,25.0,988.0,D,True,,,
2008168N22090,Unnamed,2008,land,2008-06-16 03:00:00,2008-06-18 03:00:00,9,25.0,988.0,D,True,0.0,,
2008157N16066,Unnamed,2008,arabian_sea,2008-06-05 00:00:00,2008-06-06 21:00:00,16,25.0,994.0,D,False,0.0,,
2008117N11090,Nargis,2008,bay_of_bengal,2008-04-25 12:00:00,2008-05-04 00:00:00,69,90.0,962.0,ESCS,True,1.0,9.979411764705885,
2007314N10093,Sidr,2007,bay_of_bengal,2007-11-10 09:00:00,2007-11-16 00:00:00,46,115.0,944.0,ESCS,True,1.0,20.057142857142864,
2007300N11068,Unnamed,2007,arabian_sea,2007-10-27 06:00:00,2007-10-30 06:00:00,25,37.2,993.0,CS,False,0.0,,
2007178N18089,Unnamed,2007,bay_of_bengal,2007-06-27 00:00:00,2007-06-30 06:00:00,27,41.85,988.0,CS,True,0.0,,
2007172N15088,Unnamed,2007,land,2007-06-20 18:00:00,2007-06-27 12:00:00,54,46.5,985.0,CS,True,0.0,7.941250000000002,
2007151N14072,Gonu,2007,arabian_sea,2007-06-01 03:00:00,2007-06-07 21:00:00,55,127.0,920.0,SuCS,True,1.0,11.66795454545455,
2007133N15091,Akash,2007,bay_of_bengal,2007-05-12 21:00:00,2007-05-15 00:00:00,18,60.45,976.0,SCS,True,1.0,4.477857142857145,
2006329N06150,Durian,2006,bay_of_bengal,2006-12-04 09:00:00,2006-12-08 15:00:00,35,60.0,980.0,SCS,True,0.0,,
2006300N07078,Unnamed,2006,bay_of_bengal,2006-10-28 03:00:00,2006-10-30 12:00:00,20,35.0,998.0,CS,True,0.0,10.31916666666667,
2006271N18089,Unnamed,2006,bay_of_bengal,2006-09-28 00:00:00,2006-09-30 00:00:00,17,27.900000000000002,1000.0,D,True,0.0,3.9157142857142877,
2006264N23087,Unnamed,2006,land,2006-09-21 03:00:00,2006-09-24 00:00:00,24,25.0,996.0,D,True,0.0,,
2006262N19069,Mukda,2006,arabian_sea,2006-09-19 06:00:00,2006-09-26 12:00:00,59,55.0,988.0,SCS,False,0.0,5.097499999999999,
2006247N21089,Unnamed,2006,land,2006-09-03 12:00:00,2006-09-04 21:00:00,12,25.0,992.0,D,True,0.0,,
2006241N20088,Unnamed,2006,land,2006-08-29 03:00:00,2006-09-01 06:00:00,26,25.0,990.0,D,True,0.0,,
2006228N21088,Unnamed,2006,land,2006-08-16 03:00:00,2006-08-18 09:00:00,19,25.0,988.0,D,True,0.0,,
2006224N21088,Unnamed,2006,bay_of_bengal,2006-08-12 03:00:00,2006-08-13 00:00:00,8,25.0,992.0,D,True,,,
2006214N20088,Unnamed,2006,land,2006-08-02 03:00:00,2006-08-05 09:00:00,27,30.0,986.0,DD,True,0.0,,
2006182N20088,Unnamed,2006,land,2006-07-01 09:00:00,2006-07-05 06:00:00,32,30.0,982.0,DD,True,0.0,3.965384615384615,
2006114N08090,Mala,2006,bay_of_bengal,2006-04-24 06:00:00,2006-04-29 12:00:00,43,100.0,954.0,ESCS,True,1.0,7.081470588235296,
2006012N03081,Unnamed,2006,arabian_sea,2006-01-12 09:00:00,2006-01-19 06:00:00,56,32.550000000000004,997.0,DD,False,0.0,12.655000000000001,
2005349N06090,Unnamed,2005,bay_of_bengal,2005-12-15 03:00:00,2005-12-24 00:00:00,72,30.0,1000.0,DD,False,0.0,6.899622641509437,
2005338N09093,Fanoos,2005,bay_of_bengal,2005-12-04 06:00:00,2005-12-12 15:00:00,68,51.150000000000006,984.0,SCS,True,0.0,10.380000000000004,
2005330N09096,Baaz,2005,bay_of_bengal,2005-11-26 15:00:00,2005-12-04 00:00:00,60,45.0,997.0,CS,True,0.0,4.664848484848487,
2005324N08085,Unnamed,2005,bay_of_bengal,2005-11-20 03:00:00,2005-11-22 09:00:00,19,25.0,1002.0,D,True,0.0,,
2005298N12088,Unnamed,2005,bay_of_bengal,2005-10-25 03:00:00,2005-10-29 03:00:00,32,30.0,998.0,DD,True,0.0,2.6315000000000013,
2005274N17086,Unnamed,2005,bay_of_bengal,2005-10-01 09:00:00,2005-10-03 06:00:00,16,37.2,994.0,CS,True,0.0,,
2005262N13127,Damrey,2005,land,2005-09-26 00:00:00,2005-09-27 18:00:00,15,70.0,965.0,VSCS,True,0.0,,
2005257N15120,Vicente,2005,bay_of_bengal,2005-09-17 18:00:00,2005-09-18 12:00:00,7,46.5,985.0,CS,True,,,
2005260N20091,Unnamed,2005,land,2005-09-17 03:00:00,2005-09-21 12:00:00,28,35.0,988.0,CS,True,0.0,,
2005257N20069,Unnamed,2005,arabian_sea,2005-09-14 03:00:00,2005-09-16 12:00:00,12,25.0,996.0,D,False,0.0,,
2005255N20088,Unnamed,2005,land,2005-09-12 03:00:00,2005-09-16 12:00:00,20,25.0,992.0,D,True,0.0,,
2005210N21088,Unnamed,2005,land,2005-07-29 03:00:00,2005-07-31 12:00:00,12,30.0,988.0,DD,True,0.0,,
2005179N22088,Unnamed,2005,land,2005-06-27 12:00:00,2005-07-05 12:00:00,33,25.0,990.0,D,True,0.0,,
2005172N22069,Unnamed,2005,arabian_sea,2005-06-21 03:00:00,2005-06-22 12:00:00,8,25.0,992.0,D,False,0.0,,
2005012N04090,Unnamed,2005,bay_of_bengal,2005-01-11 18:00:00,2005-01-17 12:00:00,47,35.0,997.0,CS,False,0.0,3.776956521739128,
2005007N04085,Unnamed,2005,bay_of_bengal,2005-01-07 15:00:00,2005-01-10 12:00:00,24,27.900000000000002,1000.0,D,False,0.0,,
2004332N02072,Unnamed,2004,arabian_sea,2004-11-27 00:00:00,2004-12-05 06:00:00,67,60.45,976.0,SCS,True,0.0,14.934500000000003,
2004319N10134,Muifa,2004,bay_of_bengal,2004-11-23 21:00:00,2004-11-26 00:00:00,18,51.150000000000006,984.0,SCS,False,0.0,,
2004307N09068,Unnamed,2004,arabian_sea,2004-11-01 12:00:00,2004-11-08 12:00:00,57,37.2,994.0,CS,False,0.0,5.046666666666669,
2004281N23087,Unnamed,2004,land,2004-10-07 03:00:00,2004-10-08 03:00:00,5,25.0,1004.0,D,True,0.0,,
2004276N12087,Unnamed,2004,bay_of_bengal,2004-10-02 03:00:00,2004-10-04 03:00:00,17,25.0,1002.0,D,True,0.0,,
2004274N16069,Unnamed,2004,arabian_sea,2004-09-30 06:00:00,2004-10-10 00:00:00,79,55.0,990.0,SCS,True,0.0,8.502142857142855,
2004256N23089,Unnamed,2004,land,2004-09-12 03:00:00,2004-09-15 12:00:00,16,25.0,996.0,D,True,0.0,,
2004163N15090,Unnamed,2004,bay_of_bengal,2004-06-11 03:00:00,2004-06-14 09:00:00,23,30.0,990.0,DD,True,0.0,,
2004162N18068,Unnamed,2004,arabian_sea,2004-06-10 03:00:00,2004-06-13 03:00:00,21,30.0,992.0,DD,False,0.0,,
2004136N15090,Unnamed,2004,bay_of_bengal,2004-05-15 09:00:00,2004-05-19 18:00:00,36,90.0,952.0,ESCS,True,1.0,10.159565217391302,
2004125N11074,Unnamed,2004,arabian_sea,2004-05-04 00:00:00,2004-05-10 09:00:00,52,55.0,984.0,SCS,False,0.0,9.891388888888887,
2003345N05092,Unnamed,2003,bay_of_bengal,2003-12-11 06:00:00,2003-12-16 06:00:00,41,55.0,990.0,SCS,True,0.0,4.940370370370369,
2003315N09067,Unnamed,2003,arabian_sea,2003-11-11 21:00:00,2003-11-18 06:00:00,52,55.0,990.0,SCS,False,0.0,9.251428571428574,
2003295N09101,Unnamed,2003,bay_of_bengal,2003-10-21 12:00:00,2003-10-28 12:00:00,57,32.550000000000004,997.0,DD,True,0.0,2.860000000000003,
2003279N17084,Unnamed,2003,land,2003-10-06 03:00:00,2003-10-09 12:00:00,16,25.0,998.0,D,True,0.0,,
2003240N21089,Unnamed,2003,land,2003-08-27 12:00:00,2003-08-28 12:00:00,5,25.0,996.0,D,True,0.0,,
2003206N21089,Unnamed,2003,land,2003-07-25 03:00:00,2003-07-28 03:00:00,13,30.0,988.0,DD,True,0.0,,
2003129N05091,Unnamed,2003,bay_of_bengal,2003-05-08 15:00:00,2003-05-19 18:00:00,90,75.0,980.0,VSCS,True,0.0,6.6134615384615385,
2002355N04077,Unnamed,2002,bay_of_bengal,2002-12-21 03:00:00,2002-12-25 18:00:00,38,35.0,1000.0,CS,False,0.0,2.5950000000000006,
2002327N10089,Unnamed,2002,bay_of_bengal,2002-11-22 18:00:00,2002-11-28 12:00:00,47,35.0,1000.0,CS,False,0.0,4.414,
2002314N12083,Unnamed,2002,bay_of_bengal,2002-11-09 18:00:00,2002-11-12 12:00:00,23,55.0,990.0,SCS,True,0.0,6.038888888888887,
2002295N14082,Unnamed,2002,bay_of_bengal,2002-10-22 09:00:00,2002-10-23 18:00:00,12,25.0,1002.0,D,False,0.0,,
2002129N08096,Unnamed,2002,bay_of_bengal,2002-05-09 06:00:00,2002-05-12 09:00:00,26,32.550000000000004,997.0,DD,True,0.0,10.033333333333335,
2002126N09068,Unnamed,2002,arabian_sea,2002-05-05 18:00:00,2002-05-10 18:00:00,41,35.34,994.0,CS,True,0.0,6.177941176470591,
2001361N01106,Vamei,2001,bay_of_bengal,2001-12-26 12:00:00,2002-01-01 06:00:00,47,60.45,976.0,SCS,True,0.0,,
2001313N12084,Unnamed,2001,bay_of_bengal,2001-11-09 00:00:00,2001-11-12 06:00:00,27,27.900000000000002,1000.0,D,False,0.0,2.900000000000002,
2001288N13084,Unnamed,2001,bay_of_bengal,2001-10-14 12:00:00,2001-10-16 18:00:00,19,35.0,998.0,CS,True,0.0,,
2001281N18071,Unnamed,2001,arabian_sea,2001-10-08 06:00:00,2001-10-13 06:00:00,40,35.0,998.0,CS,False,0.0,4.334615384615383,
2001267N17070,Unnamed,2001,arabian_sea,2001-09-24 00:00:00,2001-09-28 12:00:00,37,35.0,1000.0,CS,False,0.0,4.04310344827586,
2001163N20087,Unnamed,2001,bay_of_bengal,2001-06-12 03:00:00,2001-06-13 09:00:00,7,25.0,990.0,D,True,0.0,,
2001141N14068,Unnamed,2001,arabian_sea,2001-05-21 06:00:00,2001-05-29 12:00:00,67,115.0,932.0,ESCS,True,1.0,7.372786885245901,
2000358N08086,Unnamed,2000,bay_of_bengal,2000-12-23 03:00:00,2000-12-28 12:00:00,44,90.0,970.0,ESCS,True,1.0,9.871162790697673,
2000331N09092,Unnamed,2000,arabian_sea,2000-11-26 03:00:00,2000-12-06 00:00:00,80,102.0,958.0,ESCS,True,1.0,10.884545454545455,
2000299N13093,Unnamed,2000,bay_of_bengal,2000-10-25 09:00:00,2000-10-29 00:00:00,30,35.0,998.0,CS,True,0.0,2.857619047619047,
2000289N15089,Unnamed,2000,bay_of_bengal,2000-10-14 18:00:00,2000-10-19 06:00:00,37,35.0,996.0,CS,False,0.0,3.5232258064516127,
2000236N17084,Unnamed,2000,bay_of_bengal,2000-08-23 03:00:00,2000-08-24 00:00:00,8,25.0,994.0,D,True,,,
2000088N08090,Unnamed,2000,bay_of_bengal,2000-03-27 12:00:00,2000-03-30 12:00:00,25,45.0,998.0,CS,False,0.0,,
1999342N10089,Unnamed,1999,bay_of_bengal,1999-12-08 06:00:00,1999-12-10 09:00:00,19,25.0,998.0,D,False,0.0,,
1999334N11118,Unnamed,1999,bay_of_bengal,1999-12-01 12:00:00,1999-12-05 06:00:00,31,27.900000000000002,,D,True,0.0,,
1999298N12099,Unnamed,1999,bay_of_bengal,1999-10-25 00:00:00,1999-11-02 09:00:00,68,140.0,912.0,SuCS,True,1.0,10.444242424242423,
1999288N15093,Unnamed,1999,bay_of_bengal,1999-10-15 00:00:00,1999-10-18 12:00:00,29,90.0,968.0,ESCS,True,1.0,18.436818181818186,
1999219N21089,Unnamed,1999,land,1999-08-06 12:00:00,1999-08-09 00:00:00,21,20.0,992.0,D,True,0.0,,
1999208N21089,Unnamed,1999,land,1999-07-27 03:00:00,1999-07-28 00:00:00,8,25.0,990.0,D,True,,,
1999168N19086,Unnamed,1999,bay_of_bengal,1999-06-17 03:00:00,1999-06-17 18:00:00,6,30.0,986.0,DD,True,,,
1999159N18091,Unnamed,1999,bay_of_bengal,1999-06-08 06:00:00,1999-06-11 18:00:00,29,32.550000000000004,,DD,True,0.0,,
1999135N12073,Unnamed,1999,arabian_sea,1999-05-15 00:00:00,1999-05-21 18:00:00,55,105.0,946.0,ESCS,True,1.0,6.7174193548387064,
1999031N08092,Unnamed,1999,bay_of_bengal,1999-01-30 12:00:00,1999-02-04 18:00:00,43,50.0,998.0,SCS,False,0.0,5.6944444444444455,
1998346N10072,Unnamed,1998,arabian_sea,1998-12-11 18:00:00,1998-12-17 18:00:00,49,55.0,993.0,SCS,True,0.0,6.932647058823532,
1998343N08114,Gil,1998,bay_of_bengal,1998-12-09 12:00:00,1998-12-13 00:00:00,29,40.0,992.0,CS,True,0.0,,
1998320N10102,Unnamed,1998,bay_of_bengal,1998-11-16 00:00:00,1998-11-23 00:00:00,57,65.0,984.0,VSCS,True,0.0,5.050000000000002,
1998317N11087,Unnamed,1998,bay_of_bengal,1998-11-13 00:00:00,1998-11-16 00:00:00,25,79.05,982.0,VSCS,True,1.0,11.405833333333339,
1998299N11090,Unnamed,1998,bay_of_bengal,1998-10-26 09:00:00,1998-10-29 09:00:00,25,30.0,1002.0,DD,False,0.0,,
1998287N16083,Unnamed,1998,bay_of_bengal,1998-10-13 12:00:00,1998-10-14 12:00:00,9,30.0,998.0,DD,False,0.0,,
1998285N14068,Unnamed,1998,arabian_sea,1998-10-11 12:00:00,1998-10-18 00:00:00,53,35.0,994.0,CS,True,0.0,3.482941176470587,
1998280N14069,Unnamed,1998,arabian_sea,1998-10-06 12:00:00,1998-10-09 12:00:00,25,30.0,998.0,DD,False,0.0,,
1998272N18068,Unnamed,1998,arabian_sea,1998-09-28 18:00:00,1998-10-01 00:00:00,19,32.550000000000004,,DD,False,0.0,,
1998165N18088,Unnamed,1998,bay_of_bengal,1998-06-13 15:00:00,1998-06-14 12:00:00,8,30.0,992.0,DD,True,,,
1998152N11075,Unnamed,1998,arabian_sea,1998-06-01 06:00:00,1998-06-09 12:00:00,67,90.0,958.0,ESCS,True,1.0,8.644857142857147,
1998147N11061,Unnamed,1998,arabian_sea,1998-05-27 06:00:00,1998-05-29 00:00:00,15,32.550000000000004,,DD,False,0.0,,
1998133N04086,Unnamed,1998,bay_of_bengal,1998-05-13 03:00:00,1998-05-20 18:00:00,62,60.45,972.0,SCS,True,0.0,3.794761904761905,
1997308N08069,Unnamed,1997,arabian_sea,1997-11-06 21:00:00,1997-11-10 06:00:00,28,32.550000000000004,,DD,True,0.0,,
1997307N08082,Unnamed,1997,arabian_sea,1997-11-05 03:00:00,1997-11-14 00:00:00,72,37.2,1005.0,CS,True,0.0,17.28227272727273,
1997298N06140,Linda,1997,bay_of_bengal,1997-11-01 15:00:00,1997-11-09 12:00:00,64,60.45,985.0,SCS,True,0.0,12.2446511627907,
1997263N14084,Unnamed,1997,bay_of_bengal,1997-09-20 21:00:00,1997-09-27 18:00:00,56,60.45,984.0,SCS,True,0.0,5.64,
1997240N20087,Unnamed,1997,bay_of_bengal,1997-08-28 03:00:00,1997-08-28 06:00:00,2,25.0,994.0,D,False,,,
1997232N20088,Unnamed,1997,bay_of_bengal,1997-08-20 03:00:00,1997-08-20 06:00:00,2,30.0,990.0,DD,False,,,
1997216N20091,Unnamed,1997,bay_of_bengal,1997-08-04 06:00:00,1997-08-05 03:00:00,8,30.0,986.0,DD,True,,,
1997210N21089,Unnamed,1997,bay_of_bengal,1997-07-29 03:00:00,1997-07-30 06:00:00,10,30.0,1002.0,DD,False,0.0,,
1997177N21090,Unnamed,1997,bay_of_bengal,1997-06-26 03:00:00,1997-06-27 00:00:00,8,30.0,985.0,DD,True,,,
1997133N03092,Unnamed,1997,bay_of_bengal,1997-05-13 21:00:00,1997-05-20 06:00:00,52,95.79,964.0,ESCS,True,1.0,19.028000000000002,
1996332N09092,Unnamed,1996,bay_of_bengal,1996-11-26 12:00:00,1996-12-07 09:00:00,88,65.0,984.0,VSCS,True,1.0,11.646470588235296,
1996312N14125,Ernie,1996,bay_of_bengal,1996-11-15 12:00:00,1996-11-18 06:00:00,23,32.550000000000004,1008.0,DD,True,0.0,,
1996306N15097,Unnamed,1996,bay_of_bengal,1996-11-02 21:00:00,1996-11-07 18:00:00,41,91.14,988.0,ESCS,True,1.0,33.847894736842115,
1996299N11121,Unnamed,1996,bay_of_bengal,1996-10-27 09:00:00,1996-10-31 15:00:00,34,27.900000000000002,,D,True,0.0,,
1996296N09093,Unnamed,1996,bay_of_bengal,1996-10-21 18:00:00,1996-10-29 06:00:00,61,41.85,998.0,CS,True,0.0,12.956428571428573,
1996288N09092,Unnamed,1996,arabian_sea,1996-10-16 03:00:00,1996-11-02 06:00:00,119,60.0,994.0,SCS,True,1.0,8.372857142857143,
1996275N15082,Unnamed,1996,bay_of_bengal,1996-10-01 03:00:00,1996-10-01 18:00:00,6,25.0,1000.0,D,True,,,
1996167N16072,Unnamed,1996,land,1996-06-15 21:00:00,1996-06-24 09:00:00,69,60.0,972.0,SCS,True,1.0,5.517857142857145,
1996163N08088,Unnamed,1996,bay_of_bengal,1996-06-11 03:00:00,1996-06-18 18:00:00,62,45.0,992.0,CS,True,0.0,7.932666666666667,
1996161N17063,Unnamed,1996,arabian_sea,1996-06-09 15:00:00,1996-06-12 09:00:00,23,37.2,,CS,True,0.0,,
1996122N08092,Unnamed,1996,bay_of_bengal,1996-05-01 06:00:00,1996-05-08 18:00:00,61,35.34,1000.0,CS,True,0.0,7.247500000000002,
1995323N05097,Unnamed,1995,bay_of_bengal,1995-11-18 18:00:00,1995-11-25 18:00:00,57,102.0,956.0,ESCS,True,1.0,4.258064516129033,
1995310N09096,Unnamed,1995,bay_of_bengal,1995-11-05 21:00:00,1995-11-10 09:00:00,37,77.0,978.0,VSCS,True,1.0,5.698235294117651,
1995292N08150,Yvette,1995,land,1995-10-26 00:00:00,1995-10-27 18:00:00,15,58.59,985.0,SCS,True,0.0,,
1995284N17074,Unnamed,1995,arabian_sea,1995-10-11 00:00:00,1995-10-18 12:00:00,61,45.0,996.0,CS,True,0.0,6.163658536585367,
1995269N21088,Unnamed,1995,bay_of_bengal,1995-09-26 03:00:00,1995-09-26 03:00:00,1,25.0,1000.0,D,False,,,
1995255N14104,Unnamed,1995,bay_of_bengal,1995-09-13 03:00:00,1995-09-18 09:00:00,43,39.99,998.0,CS,True,0.0,6.216250000000002,
1995233N16115,Lois,1995,land,1995-08-28 03:00:00,1995-08-31 00:00:00,24,60.45,980.0,SCS,True,0.0,,
1995135N20087,Unnamed,1995,bay_of_bengal,1995-05-14 18:00:00,1995-05-16 03:00:00,12,30.0,996.0,DD,True,0.0,,
1995128N15082,Unnamed,1995,bay_of_bengal,1995-05-08 09:00:00,1995-05-09 12:00:00,10,30.0,996.0,DD,False,0.0,,
1995126N11081,Unnamed,1995,bay_of_bengal,1995-05-05 21:00:00,1995-05-06 09:00:00,5,30.0,996.0,DD,False,,,
1994317N07070,Unnamed,1994,arabian_sea,1994-11-14 03:00:00,1994-11-20 03:00:00,49,65.0,984.0,VSCS,True,0.0,4.426666666666667,
1994302N11086,Unnamed,1994,bay_of_bengal,1994-10-28 15:00:00,1994-10-31 15:00:00,25,60.0,988.0,SCS,True,1.0,11.6955,
1994206N22107,Amy,1994,bay_of_bengal,1994-07-27 21:00:00,1994-07-31 03:00:00,27,45.0,985.0,CS,True,0.0,,
1994157N17074,Unnamed,1994,arabian_sea,1994-06-05 12:00:00,1994-06-09 18:00:00,35,55.0,980.0,SCS,True,0.0,5.3951515151515155,
1994117N07096,Unnamed,1994,bay_of_bengal,1994-04-27 09:00:00,1994-05-03 12:00:00,51,115.0,940.0,ESCS,True,1.0,6.340344827586208,
1994078N06096,Unnamed,1994,bay_of_bengal,1994-03-19 21:00:00,1994-03-25 12:00:00,46,37.2,,CS,False,0.0,,
1993353N09084,Unnamed,1993,bay_of_bengal,1993-12-19 00:00:00,1993-12-20 12:00:00,13,30.0,1006.0,DD,False,0.0,,
1993336N05164,Manny,1993,bay_of_bengal,1993-12-14 03:00:00,1993-12-16 06:00:00,18,32.550000000000004,998.0,DD,True,0.0,,
1993331N07108,Unnamed,1993,bay_of_bengal,1993-11-27 00:00:00,1993-12-05 18:00:00,71,90.0,968.0,ESCS,True,1.0,6.550000000000001,
1993316N11070,Unnamed,1993,arabian_sea,1993-11-12 00:00:00,1993-11-16 00:00:00,33,65.0,986.0,VSCS,False,0.0,10.90826086956522,
1993312N06079,Unnamed,1993,bay_of_bengal,1993-11-08 03:00:00,1993-11-10 00:00:00,16,25.0,998.0,D,True,0.0,,
1992354N03075,Unnamed,1992,arabian_sea,1992-12-18 12:00:00,1992-12-24 15:00:00,50,46.5,,CS,True,0.0,,
1992335N03077,Unnamed,1992,arabian_sea,1992-11-29 15:00:00,1992-12-04 00:00:00,36,46.5,,CS,False,0.0,,
1992314N08141,Forrest,1992,bay_of_bengal,1992-11-13 09:00:00,1992-11-22 00:00:00,70,102.0,952.0,ESCS,True,1.0,12.948222222222224,
1992311N06107,Unnamed,1992,bay_of_bengal,1992-11-07 09:00:00,1992-11-17 18:00:00,73,55.0,994.0,SCS,True,0.0,8.791428571428574,
1992306N12093,Unnamed,1992,bay_of_bengal,1992-10-31 12:00:00,1992-11-08 00:00:00,61,45.0,996.0,CS,False,0.0,4.500322580645163,
1992288N10089,Unnamed,1992,bay_of_bengal,1992-10-18 15:00:00,1992-10-22 00:00:00,28,35.0,996.0,CS,True,0.0,4.993846153846153,
1992279N10097,Unnamed,1992,bay_of_bengal,1992-10-05 03:00:00,1992-10-09 12:00:00,36,41.85,,CS,True,0.0,,
1992273N12077,Unnamed,1992,arabian_sea,1992-09-29 21:00:00,1992-10-04 12:00:00,38,45.0,996.0,CS,True,0.0,6.875238095238098,
1992265N18099,Unnamed,1992,bay_of_bengal,1992-09-21 00:00:00,1992-09-25 00:00:00,33,27.900000000000002,,D,True,0.0,,
1992207N18090,Unnamed,1992,bay_of_bengal,1992-07-24 18:00:00,1992-07-28 00:00:00,27,37.2,,CS,True,0.0,,
1992198N13135,Gary,1992,land,1992-07-22 21:00:00,1992-07-24 00:00:00,10,53.940000000000005,990.0,SCS,True,0.0,,
1992188N07156,Eli,1992,bay_of_bengal,1992-07-13 03:00:00,1992-07-14 00:00:00,8,58.59,990.0,SCS,True,,,
1992167N12088,Unnamed,1992,bay_of_bengal,1992-06-14 12:00:00,1992-06-18 12:00:00,33,41.85,,CS,True,0.0,,
1992155N10070,Unnamed,1992,arabian_sea,1992-06-03 06:00:00,1992-06-12 12:00:00,75,45.0,994.0,CS,False,0.0,6.050645161290325,
1992136N10090,Unnamed,1992,bay_of_bengal,1992-05-15 00:00:00,1992-05-20 00:00:00,41,49.29,992.0,SCS,True,0.0,11.56888888888889,
1991313N10095,Unnamed,1991,bay_of_bengal,1991-11-10 09:00:00,1991-11-16 03:00:00,47,45.0,998.0,CS,True,0.0,4.687714285714285,
1991301N10083,Unnamed,1991,land,1991-10-28 06:00:00,1991-10-30 18:00:00,21,25.0,998.0,D,True,0.0,,
1991285N15090,Unnamed,1991,bay_of_bengal,1991-10-12 12:00:00,1991-10-14 06:00:00,15,25.0,998.0,D,True,0.0,,
1991264N15084,Unnamed,1991,land,1991-09-21 06:00:00,1991-09-22 18:00:00,13,25.0,1000.0,D,True,0.0,,
1991234N20089,Unnamed,1991,land,1991-08-22 00:00:00,1991-08-26 18:00:00,39,25.0,992.0,D,True,0.0,,
1991208N20090,Unnamed,1991,land,1991-07-27 06:00:00,1991-08-01 00:00:00,39,30.0,984.0,DD,True,0.0,,
1991150N14091,Unnamed,1991,bay_of_bengal,1991-05-30 00:00:00,1991-06-03 00:00:00,33,45.0,990.0,CS,True,0.0,6.4205263157894725,
1991113N10091,Unnamed,1991,bay_of_bengal,1991-04-22 18:00:00,1991-04-30 18:00:00,65,127.0,918.0,SuCS,True,1.0,10.346808510638297,
1991015N02087,Unnamed,1991,arabian_sea,1991-01-14 18:00:00,1991-01-20 06:00:00,45,32.550000000000004,,DD,False,0.0,,
1990348N04087,Unnamed,1990,bay_of_bengal,1990-12-14 00:00:00,1990-12-19 00:00:00,41,55.0,,SCS,True,0.0,5.995675675675675,
1990320N15076,Unnamed,1990,arabian_sea,1990-11-16 00:00:00,1990-11-18 06:00:00,19,33.0,1007.0,DD,True,0.0,,
1990318N14082,Unnamed,1990,bay_of_bengal,1990-11-14 00:00:00,1990-11-15 00:00:00,9,27.0,1008.0,D,True,0.0,,
1990304N08092,Unnamed,1990,bay_of_bengal,1990-10-30 18:00:00,1990-11-04 12:00:00,39,33.0,1001.0,DD,True,0.0,4.871935483870967,
1990280N18091,Unnamed,1990,bay_of_bengal,1990-10-06 12:00:00,1990-10-08 18:00:00,19,33.0,998.0,DD,True,0.0,,
1990272N11121,Ira,1990,land,1990-10-03 00:00:00,1990-10-05 12:00:00,21,35.0,996.0,CS,True,0.0,,
1990246N23089,Unnamed,1990,land,1990-09-03 00:00:00,1990-09-05 00:00:00,17,27.0,995.0,D,True,0.0,,
1990232N22089,Unnamed,1990,land,1990-08-20 00:00:00,1990-08-24 18:00:00,39,27.0,986.0,D,True,0.0,,
1990226N19088,Unnamed,1990,land,1990-08-14 06:00:00,1990-08-17 06:00:00,25,27.0,993.0,D,True,0.0,,
1990164N21089,Unnamed,1990,land,1990-06-13 06:00:00,1990-06-15 12:00:00,19,33.0,990.0,DD,True,0.0,,
1990124N09088,Unnamed,1990,bay_of_bengal,1990-05-03 12:00:00,1990-05-11 06:00:00,63,127.0,920.0,SuCS,True,1.0,13.010943396226414,
1990108N09087,Unnamed,1990,bay_of_bengal,1990-04-17 12:00:00,1990-04-18 12:00:00,9,23.25,,D,False,0.0,,
